campaign_id,milestone_rank,view_threshold,payout_amount
CA001,1,14850,950
CA001,2,59400,3800
CA001,3,148500,9500
CA001,4,519750,33250
CA002,1,6825,600
CA002,2,27300,2400
CA002,3,68250,6050
CA002,4,238875,21100
CA003,1,7650,450
CA003,2,30600,1800
CA003,3,76500,4550
CA003,4,267750,15950
CA004,1,6500,450
CA004,2,26000,1800
CA004,3,65000,4500
CA004,4,227500,15700
CA005,1,10450,400
CA005,2,41800,1500
CA005,3,104500,3800
CA005,4,365750,13300
CA006,1,9350,600
CA006,2,37400,2400
CA006,3,93500,6000
CA006,4,327250,20950
CA007,1,16335,2300
CA007,2,65340,9200
CA007,3,163350,23050
CA007,4,571725,80650
CA008,1,7650,500
CA008,2,30600,2000
CA008,3,76500,4950
CA008,4,267750,17300
CA009,1,7150,550
CA009,2,28600,2100
CA009,3,71500,5250
CA009,4,250250,18400
CA010,1,8500,350
CA010,2,34000,1450
CA010,3,85000,3550
CA010,4,297500,12500
CA011,1,5000,250
CA011,2,20000,900
CA011,3,50000,2300
CA011,4,175000,7950
CA012,1,14850,1250
CA012,2,59400,4950
CA012,3,148500,12350
CA012,4,519750,43250
CA013,1,5850,350
CA013,2,23400,1400
CA013,3,58500,3500
CA013,4,204750,12200
CA014,1,24502,3150
CA014,2,98008,12600
CA014,3,245020,31450
CA014,4,857570,110050
CA015,1,12825,450
CA015,2,51300,1850
CA015,3,128250,4650
CA015,4,448875,16350
CA016,1,7650,600
CA016,2,30600,2350
CA016,3,76500,5800
CA016,4,267750,20350
CA017,1,8500,650
CA017,2,34000,2650
CA017,3,85000,6650
CA017,4,297500,23200
CA018,1,10450,450
CA018,2,41800,1850
CA018,3,104500,4600
CA018,4,365750,16150
CA019,1,6175,350
CA019,2,24700,1500
CA019,3,61750,3700
CA019,4,216125,12900
CA020,1,8925,400
CA020,2,35700,1700
CA020,3,89250,4250
CA020,4,312375,14850
CA021,1,14726,1550
CA021,2,58904,6200
CA021,3,147260,15500
CA021,4,515410,54300
CA022,1,5000,300
CA022,2,20000,1300
CA022,3,50000,3200
CA022,4,175000,11250
CA023,1,6500,350
CA023,2,26000,1350
CA023,3,65000,3300
CA023,4,227500,11600
CA024,1,9350,700
CA024,2,37400,2750
CA024,3,93500,6900
CA024,4,327250,24100
CA025,1,9900,500
CA025,2,39600,1950
CA025,3,99000,4850
CA025,4,346500,17000
CA026,1,12100,850
CA026,2,48400,3500
CA026,3,121000,8700
CA026,4,423500,30500
CA027,1,9900,900
CA027,2,39600,3600
CA027,3,99000,9000
CA027,4,346500,31550
CA028,1,11261,1000
CA028,2,45044,4050
CA028,3,112610,10100
CA028,4,394135,35300
CA029,1,12100,900
CA029,2,48400,3550
CA029,3,121000,8900
CA029,4,423500,31150
CA030,1,11550,550
CA030,2,46200,2200
CA030,3,115500,5500
CA030,4,404250,19250
CA031,1,7650,600
CA031,2,30600,2350
CA031,3,76500,5800
CA031,4,267750,20350
CA032,1,14850,1400
CA032,2,59400,5550
CA032,3,148500,13900
CA032,4,519750,48650
CA033,1,5000,250
CA033,2,20000,850
CA033,3,50000,2100
CA033,4,175000,7350
CA034,1,6500,400
CA034,2,26000,1600
CA034,3,65000,4050
CA034,4,227500,14150
CA035,1,15427,1200
CA035,2,61708,4800
CA035,3,154270,12050
CA035,4,539945,42200
CA036,1,7150,500
CA036,2,28600,2050
CA036,3,71500,5150
CA036,4,250250,18000
CA037,1,6500,500
CA037,2,26000,2050
CA037,3,65000,5050
CA037,4,227500,17750
CA038,1,10450,450
CA038,2,41800,1850
CA038,3,104500,4600
CA038,4,365750,16150
CA039,1,13500,850
CA039,2,54000,3350
CA039,3,135000,8400
CA039,4,472500,29350
CA040,1,8075,300
CA040,2,32300,1200
CA040,3,80750,2950
CA040,4,282625,10300
CA041,1,8500,450
CA041,2,34000,1850
CA041,3,85000,4600
CA041,4,297500,16050
CA042,1,15427,2250
CA042,2,61708,8950
CA042,3,154270,22400
CA042,4,539945,78350
CA043,1,9900,600
CA043,2,39600,2350
CA043,3,99000,5900
CA043,4,346500,20600
CA044,1,5006,250
CA044,2,20024,800
CA044,3,50060,1950
CA044,4,175210,6800
CA045,1,6175,250
CA045,2,24700,1000
CA045,3,61750,2500
CA045,4,216125,8750
CA046,1,6825,400
CA046,2,27300,1650
CA046,3,68250,4100
CA046,4,238875,14350
CA047,1,9350,800
CA047,2,37400,3100
CA047,3,93500,7800
CA047,4,327250,27250
CA048,1,5850,400
CA048,2,23400,1500
CA048,3,58500,3800
CA048,4,204750,13250
CA049,1,14726,1550
CA049,2,58904,6300
CA049,3,147260,15750
CA049,4,515410,55100
CA050,1,8925,350
CA050,2,35700,1500
CA050,3,89250,3750
CA050,4,312375,13100
CA051,1,6175,300
CA051,2,24700,1300
CA051,3,61750,3200
CA051,4,216125,11250
CA052,1,7650,700
CA052,2,30600,2800
CA052,3,76500,6950
CA052,4,267750,24350
CA053,1,11000,550
CA053,2,44000,2250
CA053,3,110000,5600
CA053,4,385000,19650
CA054,1,6825,450
CA054,2,27300,1900
CA054,3,68250,4700
CA054,4,238875,16500
CA055,1,5797,250
CA055,2,23188,700
CA055,3,57970,1700
CA055,4,202895,5900
CA056,1,14024,1150
CA056,2,56096,4700
CA056,3,140240,11750
CA056,4,490840,41100
CA057,1,8500,600
CA057,2,34000,2400
CA057,3,85000,5950
CA057,4,297500,20900
CA058,1,8075,350
CA058,2,32300,1450
CA058,3,80750,3550
CA058,4,282625,12500
CA059,1,6175,350
CA059,2,24700,1500
CA059,3,61750,3700
CA059,4,216125,12900
CA060,1,8075,300
CA060,2,32300,1200
CA060,3,80750,2950
CA060,4,282625,10300
CA061,1,14850,950
CA061,2,59400,3800
CA061,3,148500,9500
CA061,4,519750,33250
CA062,1,7150,600
CA062,2,28600,2400
CA062,3,71500,5950
CA062,4,250250,20800
CA063,1,10188,800
CA063,2,40752,3100
CA063,3,101880,7800
CA063,4,356580,27250
CA064,1,8925,700
CA064,2,35700,2800
CA064,3,89250,7000
CA064,4,312375,24450
CA065,1,8500,350
CA065,2,34000,1450
CA065,3,85000,3550
CA065,4,297500,12500
CA066,1,6820,250
CA066,2,27280,1050
CA066,3,68200,2650
CA066,4,238700,9300
CA067,1,7650,750
CA067,2,30600,3000
CA067,3,76500,7550
CA067,4,267750,26450
CA068,1,10450,500
CA068,2,41800,2050
CA068,3,104500,5150
CA068,4,365750,18050
CA069,1,6500,400
CA069,2,26000,1600
CA069,3,65000,4050
CA069,4,227500,14150
CA070,1,24502,1900
CA070,2,98008,7650
CA070,3,245020,19150
CA070,4,857570,67000
CA071,1,10450,600
CA071,2,41800,2400
CA071,3,104500,6050
CA071,4,365750,21200
CA072,1,8075,550
CA072,2,32300,2200
CA072,3,80750,5450
CA072,4,282625,19100
CA073,1,8075,400
CA073,2,32300,1600
CA073,3,80750,4000
CA073,4,282625,13950
CA074,1,8075,500
CA074,2,32300,1950
CA074,3,80750,4850
CA074,4,282625,16900
CA075,1,12150,600
CA075,2,48600,2400
CA075,3,121500,5950
CA075,4,425250,20850
CA076,1,8925,550
CA076,2,35700,2150
CA076,3,89250,5350
CA076,4,312375,18750
CA077,1,10188,1050
CA077,2,40752,4250
CA077,3,101880,10650
CA077,4,356580,37350
CA078,1,8075,400
CA078,2,32300,1600
CA078,3,80750,4000
CA078,4,282625,13950
CA079,1,8925,700
CA079,2,35700,2800
CA079,3,89250,7000
CA079,4,312375,24450
CA080,1,9350,400
CA080,2,37400,1700
CA080,3,93500,4200
CA080,4,327250,14650
CA081,1,5850,400
CA081,2,23400,1650
CA081,3,58500,4100
CA081,4,204750,14350
CA082,1,11000,750
CA082,2,44000,3100
CA082,3,110000,7700
CA082,4,385000,27050
CA083,1,6500,300
CA083,2,26000,1200
CA083,3,65000,3000
CA083,4,227500,10450
CA084,1,11797,1500
CA084,2,47188,6050
CA084,3,117970,15150
CA084,4,412895,53000
CA085,1,8500,300
CA085,2,34000,1300
CA085,3,85000,3200
CA085,4,297500,11250
CA086,1,8925,600
CA086,2,35700,2450
CA086,3,89250,6050
CA086,4,312375,21250
CA087,1,8925,700
CA087,2,35700,2800
CA087,3,89250,6950
CA087,4,312375,24350
CA088,1,5533,250
CA088,2,22132,850
CA088,3,55330,2100
CA088,4,193655,7300
CA089,1,5850,500
CA089,2,23400,2050
CA089,3,58500,5100
CA089,4,204750,17900
CA090,1,12100,600
CA090,2,48400,2450
CA090,3,121000,6100
CA090,4,423500,21350
CA091,1,18150,1500
CA091,2,72600,6100
CA091,3,181500,15200
CA091,4,635250,53150
CA092,1,8925,800
CA092,2,35700,3150
CA092,3,89250,7900
CA092,4,312375,27600
CA093,1,11550,650
CA093,2,46200,2650
CA093,3,115500,6700
CA093,4,404250,23350
CA094,1,8500,600
CA094,2,34000,2350
CA094,3,85000,5850
CA094,4,297500,20550
CA095,1,6500,250
CA095,2,26000,1000
CA095,3,65000,2450
CA095,4,227500,8600
CA096,1,12825,750
CA096,2,51300,3000
CA096,3,128250,7450
CA096,4,448875,26050
CA097,1,6175,450
CA097,2,24700,1850
CA097,3,61750,4650
CA097,4,216125,16300
CA098,1,22275,1750
CA098,2,89100,7050
CA098,3,222750,17600
CA098,4,779625,61650
CA099,1,5000,250
CA099,2,20000,900
CA099,3,50000,2250
CA099,4,175000,7850
CA100,1,11000,450
CA100,2,44000,1850
CA100,3,110000,4600
CA100,4,385000,16150
