campaign_id,brand,category,platform,total_budget,start_date,end_date,target_creator_tier,expected_creator_count
CA001,Brand_001,gaming,youtube,715000,2025-01-01,2025-01-31,macro,52
CA002,Brand_002,entertainment,instagram,585000,2025-01-04,2025-01-18,nano,166
CA003,Brand_003,finance,youtube,95000,2025-01-07,2025-01-28,micro,62
CA004,Brand_004,FMCG,instagram,120000,2025-01-10,2025-01-24,nano,171
CA005,Brand_005,D2C,youtube,195000,2025-01-13,2025-02-12,mid,198
CA006,Brand_006,gaming,youtube,100000,2025-01-16,2025-01-30,micro,185
CA007,Brand_007,finance,youtube,480000,2025-01-19,2025-02-02,mid,142
CA008,Brand_008,finance,instagram,285000,2025-01-22,2025-03-08,micro,120
CA009,Brand_009,gaming,youtube,270000,2025-01-25,2025-02-08,nano,164
CA010,Brand_010,FMCG,instagram,25000,2025-01-28,2025-02-11,micro,96
CA011,Brand_011,finance,youtube,50000,2025-01-31,2025-02-14,micro,135
CA012,Brand_012,gaming,youtube,2335000,2025-02-03,2025-03-05,macro,178
CA013,Brand_013,finance,youtube,290000,2025-02-06,2025-02-20,nano,85
CA014,Brand_014,gaming,instagram,960000,2025-02-09,2025-03-11,macro,97
CA015,Brand_015,D2C,youtube,355000,2025-02-12,2025-03-29,macro,89
CA016,Brand_016,finance,instagram,40000,2025-02-15,2025-03-08,micro,77
CA017,Brand_017,FMCG,instagram,70000,2025-02-18,2025-03-20,micro,181
CA018,Brand_018,D2C,youtube,195000,2025-02-21,2025-03-14,mid,96
CA019,Brand_019,D2C,youtube,30000,2025-02-24,2025-03-10,nano,113
CA020,Brand_020,entertainment,instagram,85000,2025-02-27,2025-03-29,micro,123
CA021,Brand_021,entertainment,instagram,10000,2025-03-02,2025-04-01,micro,39
CA022,Brand_022,finance,instagram,60000,2025-03-05,2025-04-04,micro,88
CA023,Brand_023,FMCG,instagram,35000,2025-03-08,2025-04-07,nano,52
CA024,Brand_024,gaming,youtube,140000,2025-03-11,2025-04-10,micro,192
CA025,Brand_025,finance,youtube,65000,2025-03-14,2025-03-28,mid,95
CA026,Brand_026,gaming,instagram,430000,2025-03-17,2025-04-07,mid,77
CA027,Brand_027,finance,youtube,395000,2025-03-20,2025-04-19,mid,161
CA028,Brand_028,entertainment,instagram,150000,2025-03-23,2025-04-13,nano,61
CA029,Brand_029,gaming,youtube,610000,2025-03-26,2025-05-10,mid,163
CA030,Brand_030,entertainment,instagram,495000,2025-03-29,2025-05-13,mid,80
CA031,Brand_031,finance,instagram,110000,2025-04-01,2025-05-16,micro,170
CA032,Brand_032,gaming,instagram,410000,2025-04-04,2025-05-04,macro,43
CA033,Brand_033,finance,instagram,15000,2025-04-07,2025-04-28,micro,89
CA034,Brand_034,FMCG,youtube,390000,2025-04-10,2025-05-10,nano,191
CA035,Brand_035,gaming,instagram,120000,2025-04-13,2025-05-13,micro,165
CA036,Brand_036,gaming,instagram,10000,2025-04-16,2025-05-31,nano,35
CA037,Brand_037,FMCG,instagram,10000,2025-04-19,2025-06-03,nano,32
CA038,Brand_038,D2C,youtube,705000,2025-04-22,2025-05-06,mid,176
CA039,Brand_039,FMCG,youtube,870000,2025-04-25,2025-05-16,macro,84
CA040,Brand_040,D2C,youtube,75000,2025-04-28,2025-05-12,micro,121
CA041,Brand_041,FMCG,youtube,60000,2025-05-01,2025-05-15,micro,118
CA042,Brand_042,gaming,instagram,1310000,2025-05-04,2025-06-18,micro,194
CA043,Brand_043,finance,youtube,65000,2025-05-07,2025-06-21,mid,66
CA044,Brand_044,D2C,youtube,55000,2025-05-10,2025-05-31,micro,46
CA045,Brand_045,D2C,instagram,155000,2025-05-13,2025-06-12,nano,172
CA046,Brand_046,entertainment,youtube,205000,2025-05-16,2025-05-30,nano,108
CA047,Brand_047,gaming,youtube,235000,2025-05-19,2025-06-02,micro,63
CA048,Brand_048,finance,instagram,25000,2025-05-22,2025-06-21,nano,158
CA049,Brand_049,entertainment,youtube,145000,2025-05-25,2025-06-24,micro,57
CA050,Brand_050,entertainment,youtube,25000,2025-05-28,2025-07-12,micro,172
CA051,Brand_051,D2C,youtube,20000,2025-05-31,2025-06-30,nano,52
CA052,Brand_052,finance,youtube,50000,2025-06-03,2025-06-24,micro,45
CA053,Brand_053,FMCG,instagram,815000,2025-06-06,2025-06-20,mid,186
CA054,Brand_054,entertainment,youtube,105000,2025-06-09,2025-07-09,nano,152
CA055,Brand_055,gaming,youtube,60000,2025-06-12,2025-07-12,micro,141
CA056,Brand_056,FMCG,youtube,35000,2025-06-15,2025-07-06,micro,110
CA057,Brand_057,FMCG,youtube,105000,2025-06-18,2025-07-18,micro,83
CA058,Brand_058,D2C,youtube,445000,2025-06-21,2025-07-05,micro,193
CA059,Brand_059,D2C,youtube,55000,2025-06-24,2025-07-24,nano,167
CA060,Brand_060,D2C,youtube,15000,2025-06-27,2025-07-18,micro,112
CA061,Brand_061,gaming,youtube,1150000,2025-06-30,2025-07-30,macro,184
CA062,Brand_062,gaming,youtube,180000,2025-07-03,2025-07-24,nano,66
CA063,Brand_063,D2C,instagram,55000,2025-07-06,2025-08-20,nano,132
CA064,Brand_064,entertainment,instagram,90000,2025-07-09,2025-08-23,micro,90
CA065,Brand_065,FMCG,instagram,90000,2025-07-12,2025-08-02,micro,119
CA066,Brand_066,FMCG,instagram,225000,2025-07-15,2025-08-05,mid,102
CA067,Brand_067,finance,instagram,305000,2025-07-18,2025-08-17,micro,186
CA068,Brand_068,D2C,instagram,135000,2025-07-21,2025-08-04,mid,80
CA069,Brand_069,FMCG,youtube,10000,2025-07-24,2025-08-14,nano,33
CA070,Brand_070,gaming,instagram,2070000,2025-07-27,2025-08-10,macro,191
CA071,Brand_071,D2C,instagram,95000,2025-07-30,2025-08-20,mid,48
CA072,Brand_072,D2C,youtube,40000,2025-08-02,2025-09-01,micro,86
CA073,Brand_073,D2C,instagram,10000,2025-08-05,2025-09-04,micro,34
CA074,Brand_074,D2C,youtube,30000,2025-08-08,2025-09-07,micro,62
CA075,Brand_075,finance,youtube,495000,2025-08-11,2025-09-25,macro,155
CA076,Brand_076,entertainment,youtube,135000,2025-08-14,2025-09-13,micro,136
CA077,Brand_077,D2C,youtube,405000,2025-08-17,2025-08-31,nano,123
CA078,Brand_078,D2C,instagram,70000,2025-08-20,2025-09-19,micro,152
CA079,Brand_079,entertainment,instagram,195000,2025-08-23,2025-09-06,micro,144
CA080,Brand_080,gaming,youtube,70000,2025-08-26,2025-09-25,micro,40
CA081,Brand_081,finance,youtube,20000,2025-08-29,2025-09-12,nano,58
CA082,Brand_082,FMCG,youtube,370000,2025-09-01,2025-09-15,mid,163
CA083,Brand_083,FMCG,youtube,30000,2025-09-04,2025-10-04,nano,59
CA084,Brand_084,gaming,instagram,615000,2025-09-07,2025-10-22,nano,96
CA085,Brand_085,FMCG,youtube,170000,2025-09-10,2025-10-01,micro,194
CA086,Brand_086,entertainment,instagram,40000,2025-09-13,2025-10-04,micro,52
CA087,Brand_087,entertainment,youtube,60000,2025-09-16,2025-10-07,micro,95
CA088,Brand_088,entertainment,instagram,145000,2025-09-19,2025-10-10,micro,124
CA089,Brand_089,finance,instagram,15000,2025-09-22,2025-10-13,nano,39
CA090,Brand_090,gaming,instagram,160000,2025-09-25,2025-10-25,mid,181
CA091,Brand_091,FMCG,youtube,85000,2025-09-28,2025-10-28,mid,67
CA092,Brand_092,entertainment,instagram,165000,2025-10-01,2025-11-15,micro,81
CA093,Brand_093,entertainment,instagram,755000,2025-10-04,2025-11-03,mid,182
CA094,Brand_094,FMCG,instagram,60000,2025-10-07,2025-10-21,micro,50
CA095,Brand_095,FMCG,youtube,135000,2025-10-10,2025-10-24,nano,181
CA096,Brand_096,D2C,instagram,1505000,2025-10-13,2025-11-12,macro,184
CA097,Brand_097,D2C,instagram,215000,2025-10-16,2025-10-30,nano,192
CA098,Brand_098,FMCG,instagram,200000,2025-10-19,2025-11-02,macro,31
CA099,Brand_099,entertainment,youtube,50000,2025-10-22,2025-11-21,nano,34
CA100,Brand_100,FMCG,instagram,220000,2025-10-25,2025-12-09,mid,74
