creator_id,platform,follower_count,tier,account_age_months,historical_avg_views_per_post,historical_completion_rate
CR0001,instagram,262298,mid,16,95881,1.0
CR0002,instagram,562465,mid,50,68530,1.0
CR0003,instagram,63743,micro,19,9309,0.42857142857142855
CR0004,youtube,400646,mid,30,49482,0.6666666666666666
CR0005,instagram,153367,mid,41,39835,0.6666666666666666
CR0006,instagram,837990,mid,61,86086,1.0
CR0007,instagram,3609,nano,44,636,0.16666666666666666
CR0008,youtube,586057,mid,37,121676,0.9333333333333333
CR0009,youtube,1520,nano,27,405,0.0
CR0010,instagram,35980,micro,56,11431,0.0
CR0011,instagram,55970,micro,51,13952,0.0
CR0012,youtube,3358,nano,17,768,0.11764705882352941
CR0013,instagram,2521,nano,36,653,0.0
CR0014,instagram,24965,micro,26,3968,0.0
CR0015,instagram,275894,mid,42,41782,0.5714285714285714
CR0016,instagram,23579,micro,14,3486,0.25
CR0017,instagram,8854,nano,67,1234,0.0
CR0018,instagram,483155,mid,27,55607,1.0
CR0019,instagram,15770,micro,14,3726,0.3333333333333333
CR0020,instagram,485894,mid,29,96490,0.8571428571428571
CR0021,instagram,3231,nano,40,1165,0.0
CR0022,instagram,4437,nano,15,412,0.0
CR0023,youtube,10526,micro,52,686,0.05555555555555555
CR0024,instagram,30183,micro,38,4074,0.3333333333333333
CR0025,youtube,32290,micro,36,4323,0.06666666666666667
CR0026,instagram,4170,nano,38,319,0.0
CR0027,instagram,541347,mid,19,113071,0.8571428571428571
CR0028,instagram,23049,micro,55,4428,0.0
CR0029,instagram,31884,micro,25,4208,0.2
CR0030,youtube,93383,micro,31,36528,0.5333333333333333
CR0031,instagram,20365,micro,41,3311,0.1
CR0032,instagram,178012,mid,85,10870,0.3333333333333333
CR0033,instagram,2088,nano,47,397,0.0
CR0034,instagram,2238736,macro,34,440834,1.0
CR0035,instagram,13155,micro,20,1590,0.25
CR0036,instagram,481583,mid,43,53092,0.8571428571428571
CR0037,youtube,19689,micro,30,6609,0.25
CR0038,instagram,105614,mid,34,22569,0.375
CR0039,youtube,88045,micro,14,22027,0.7142857142857143
CR0040,youtube,103996,mid,10,21320,0.4166666666666667
CR0041,instagram,39130,micro,12,3881,0.16666666666666666
CR0042,youtube,17471,micro,120,1177,0.14285714285714285
CR0043,instagram,4493,nano,28,2004,0.0
CR0044,instagram,143865,mid,29,21134,0.8
CR0045,youtube,2070,nano,36,373,0.0
CR0046,instagram,31137,micro,31,4050,0.2
CR0047,instagram,4305,nano,38,636,0.0
CR0048,instagram,6985,nano,55,1724,0.16666666666666666
CR0049,instagram,860494,mid,28,145795,0.7142857142857143
CR0050,instagram,4034,nano,29,1491,0.0
CR0051,instagram,18219,micro,85,1291,0.6666666666666666
CR0052,youtube,22815,micro,27,3526,0.42105263157894735
CR0053,instagram,748890,mid,86,442264,1.0
CR0054,instagram,61160,micro,57,10134,0.4
CR0055,instagram,5408,nano,90,1533,0.0
CR0056,youtube,8440,nano,76,874,0.16666666666666666
CR0057,instagram,573762,mid,22,71304,0.875
CR0058,instagram,14705,micro,39,5399,0.5
CR0059,youtube,578992,mid,45,76110,1.0
CR0060,youtube,1763,nano,51,534,0.0
CR0061,instagram,75570,micro,30,16793,0.2222222222222222
CR0062,instagram,1970,nano,74,322,0.4
CR0063,instagram,82278,micro,68,23386,0.6
CR0064,instagram,808482,mid,11,512022,1.0
CR0065,youtube,46861,micro,16,15842,0.4117647058823529
CR0066,youtube,27068,micro,15,7289,0.3
CR0067,instagram,4116559,macro,35,761601,1.0
CR0068,instagram,7855,nano,36,1259,0.2
CR0069,instagram,8055,nano,52,1568,0.16666666666666666
CR0070,instagram,60761,micro,50,2178,0.4444444444444444
CR0071,instagram,545479,mid,21,269947,1.0
CR0072,youtube,3806,nano,23,1194,0.0
CR0073,youtube,152829,mid,15,34469,0.47368421052631576
CR0074,youtube,4678,nano,55,950,0.0
CR0075,youtube,2104,nano,29,300,0.0
CR0076,instagram,13864,micro,59,3532,0.3333333333333333
CR0077,instagram,83107,micro,96,16313,0.6666666666666666
CR0078,instagram,1921,nano,39,596,0.0
CR0079,instagram,25271,micro,17,1620,0.14285714285714285
CR0080,instagram,3247,nano,40,2007,0.1111111111111111
CR0081,youtube,43004,micro,59,10974,0.45454545454545453
CR0082,youtube,40932,micro,34,21859,0.7058823529411765
CR0083,instagram,302404,mid,20,35925,0.8
CR0084,instagram,12980,micro,28,4903,0.0
CR0085,instagram,14761,micro,11,1662,0.16666666666666666
CR0086,instagram,226583,mid,6,41459,0.75
CR0087,youtube,4963634,macro,14,819376,1.0
CR0088,instagram,42326,micro,47,10524,0.6666666666666666
CR0089,youtube,7022,nano,69,1516,0.0
CR0090,youtube,3430,nano,38,1004,0.0
CR0091,instagram,14038,micro,13,1444,0.0
CR0092,instagram,30149,micro,13,2857,0.375
CR0093,youtube,405895,mid,37,60896,0.6
CR0094,instagram,33690,micro,38,9276,0.5714285714285714
CR0095,youtube,303175,mid,16,34595,0.5384615384615384
CR0096,youtube,33080,micro,34,4114,0.23076923076923078
CR0097,youtube,2803,nano,44,621,0.0
CR0098,youtube,38472,micro,36,7592,0.07692307692307693
CR0099,youtube,2714009,macro,8,700624,1.0
CR0100,youtube,3520449,macro,17,581501,0.9565217391304348
CR0101,instagram,43604,micro,90,8352,0.6666666666666666
CR0102,youtube,214110,mid,24,11559,0.45454545454545453
CR0103,youtube,2113501,macro,66,244386,0.9
CR0104,instagram,60840,micro,13,18961,0.16666666666666666
CR0105,youtube,1835,nano,21,300,0.0
CR0106,instagram,581066,mid,25,86973,0.875
CR0107,instagram,3878,nano,26,681,0.0
CR0108,youtube,17075,micro,26,2536,0.0
CR0109,instagram,24439,micro,45,3622,0.0
CR0110,instagram,50309,micro,27,29748,0.5
CR0111,youtube,4334,nano,91,435,0.0
CR0112,instagram,2944,nano,20,453,0.2
CR0113,youtube,21659,micro,20,1609,0.1
CR0114,youtube,75338,micro,24,3428,0.2727272727272727
CR0115,instagram,366196,mid,52,53017,0.6666666666666666
CR0116,youtube,7533,nano,30,1896,0.16666666666666666
CR0117,youtube,29217,micro,25,6692,0.25
CR0118,instagram,150212,mid,26,71666,0.75
CR0119,instagram,26504,micro,21,2486,0.0
CR0120,instagram,1692,nano,28,300,0.0
CR0121,instagram,3050,nano,45,527,0.0
CR0122,youtube,25546,micro,32,6272,0.3076923076923077
CR0123,youtube,30102,micro,18,4072,0.15384615384615385
CR0124,youtube,2720,nano,73,300,0.0
CR0125,youtube,81219,micro,34,5727,0.42857142857142855
CR0126,instagram,1935,nano,51,415,0.25
CR0127,instagram,4712,nano,11,2117,0.0
CR0128,youtube,7247,nano,20,3258,0.07692307692307693
CR0129,youtube,8177,nano,61,2516,0.0
CR0130,instagram,201293,mid,46,56382,0.625
CR0131,instagram,11922,micro,24,1094,0.0
CR0132,youtube,473904,mid,69,303345,0.8461538461538461
CR0133,instagram,1955,nano,16,300,0.0
CR0134,instagram,1546,nano,37,823,0.0
CR0135,instagram,324836,mid,16,36206,0.8571428571428571
CR0136,instagram,44549,micro,59,3848,0.25
CR0137,instagram,174605,mid,40,13998,0.3333333333333333
CR0138,instagram,347533,mid,37,33985,0.5
CR0139,instagram,6519,nano,39,1029,0.0
CR0140,instagram,46491,micro,73,5559,0.6
CR0141,youtube,742720,mid,33,33163,0.6666666666666666
CR0142,youtube,32025,micro,78,2746,0.47058823529411764
CR0143,instagram,7956,nano,72,719,0.0
CR0144,youtube,105215,mid,31,39691,0.8
CR0145,instagram,20512,micro,56,18124,0.42857142857142855
CR0146,instagram,279410,mid,33,72034,1.0
CR0147,instagram,5307,nano,14,617,0.0
CR0148,instagram,692982,mid,26,139301,1.0
CR0149,youtube,17933,micro,34,2280,0.26666666666666666
CR0150,youtube,12829,micro,32,2080,0.06666666666666667
CR0151,instagram,869995,mid,38,60587,1.0
CR0152,instagram,34720,micro,24,1121,0.0
CR0153,instagram,2393,nano,20,613,0.0
CR0154,youtube,23066,micro,79,5041,0.2
CR0155,instagram,130357,mid,18,12123,0.75
CR0156,youtube,3218,nano,62,540,0.0
CR0157,instagram,210763,mid,27,85683,0.25
CR0158,instagram,703649,mid,30,94590,1.0
CR0159,youtube,26600,micro,62,4941,0.375
CR0160,instagram,1301173,macro,55,174576,0.8888888888888888
CR0161,instagram,8148,nano,38,2561,0.2857142857142857
CR0162,youtube,15242,micro,12,1070,0.06666666666666667
CR0163,instagram,8205,nano,25,689,0.0
CR0164,youtube,54214,micro,19,23589,0.15384615384615385
CR0165,instagram,10052,micro,55,960,0.0
CR0166,youtube,1987,nano,19,379,0.0
CR0167,instagram,275423,mid,42,22404,0.2857142857142857
CR0168,instagram,14903,micro,15,4198,0.2
CR0169,instagram,519179,mid,53,102607,1.0
CR0170,instagram,223652,mid,50,63151,0.6
CR0171,instagram,77068,micro,26,18471,0.7777777777777778
CR0172,instagram,13274,micro,50,3675,0.5
CR0173,youtube,2740,nano,18,681,0.08333333333333333
CR0174,instagram,13380,micro,39,1865,0.0
CR0175,youtube,156047,mid,9,13748,0.7857142857142857
CR0176,instagram,4758,nano,25,2174,0.16666666666666666
CR0177,instagram,3139,nano,51,880,0.0
CR0178,instagram,202988,mid,21,72441,1.0
CR0179,youtube,8085,nano,16,1163,0.0
CR0180,instagram,534190,mid,35,131014,1.0
CR0181,instagram,17867,micro,25,3553,0.25
CR0182,youtube,144552,mid,73,15698,0.5
CR0183,youtube,6263,nano,20,665,0.0
CR0184,youtube,3273,nano,37,1315,0.0
CR0185,instagram,6456,nano,15,1250,0.0
CR0186,instagram,147328,mid,51,18255,0.42857142857142855
CR0187,youtube,93313,micro,56,54477,0.6153846153846154
CR0188,instagram,28244,micro,18,8403,0.14285714285714285
CR0189,instagram,622363,mid,75,148915,0.7142857142857143
CR0190,youtube,294292,mid,61,50618,0.9166666666666666
CR0191,instagram,4018,nano,21,608,0.25
CR0192,instagram,107955,mid,28,38914,0.6
CR0193,instagram,610183,mid,30,72992,1.0
CR0194,youtube,176064,mid,85,30883,0.6
CR0195,instagram,16379,micro,42,2414,0.125
CR0196,youtube,2073,nano,38,599,0.0
CR0197,youtube,27462,micro,8,5158,0.15384615384615385
CR0198,youtube,2254,nano,19,315,0.0
CR0199,instagram,64578,micro,17,19152,0.3333333333333333
CR0200,youtube,17963,micro,21,2130,0.0
CR0201,instagram,18393,micro,21,2141,0.45454545454545453
CR0202,instagram,1502,nano,46,300,0.0
CR0203,instagram,280835,mid,95,66044,1.0
CR0204,instagram,15528,micro,16,3834,0.0
CR0205,instagram,14866,micro,22,1920,1.0
CR0206,instagram,2901,nano,29,871,0.2
CR0207,instagram,124526,mid,17,5878,0.25
CR0208,youtube,524515,mid,20,185495,1.0
CR0209,youtube,20735,micro,24,3856,0.14285714285714285
CR0210,instagram,2231177,macro,33,480829,0.8888888888888888
CR0211,instagram,15449,micro,83,8909,0.0
CR0212,youtube,26418,micro,30,4053,0.3333333333333333
CR0213,instagram,27605,micro,22,6177,0.5
CR0214,instagram,21778,micro,57,8451,0.0
CR0215,instagram,16209,micro,20,2407,0.125
CR0216,youtube,371585,mid,26,167362,0.9166666666666666
CR0217,youtube,356849,mid,40,49476,0.5833333333333334
CR0218,instagram,5916,nano,34,300,0.25
CR0219,instagram,206815,mid,36,90901,0.5
CR0220,youtube,6270,nano,13,564,0.0
CR0221,instagram,151016,mid,8,19294,0.6666666666666666
CR0222,instagram,288216,mid,65,15443,1.0
CR0223,youtube,25604,micro,41,4227,0.09090909090909091
CR0224,instagram,71590,micro,63,14129,0.4
CR0225,instagram,5150,nano,56,454,0.0
CR0226,instagram,16201,micro,18,3885,0.5
CR0227,instagram,243479,mid,47,118339,0.6666666666666666
CR0228,instagram,402915,mid,24,64925,0.5
CR0229,instagram,4678512,macro,31,685815,1.0
CR0230,youtube,8439,nano,42,1089,0.09090909090909091
CR0231,instagram,78586,micro,54,10796,0.7
CR0232,youtube,1648686,macro,68,304381,0.9464285714285714
CR0233,youtube,473646,mid,13,69627,0.6666666666666666
CR0234,youtube,6516,nano,74,1569,0.09090909090909091
CR0235,instagram,29660,micro,34,4394,0.14285714285714285
CR0236,youtube,1730,nano,74,300,0.0
CR0237,instagram,2006,nano,29,409,0.0
CR0238,instagram,856010,mid,25,208732,1.0
CR0239,instagram,4284,nano,43,1139,0.0
CR0240,instagram,388615,mid,20,67992,0.8333333333333334
CR0241,youtube,3365,nano,29,887,0.0
CR0242,instagram,2711,nano,54,346,0.0
CR0243,instagram,144925,mid,13,15493,0.5555555555555556
CR0244,instagram,31395,micro,61,1264,0.2
CR0245,instagram,11623,micro,38,2356,0.0
CR0246,instagram,2127259,macro,43,260954,1.0
CR0247,youtube,58122,micro,34,17354,0.6153846153846154
CR0248,instagram,44439,micro,42,8324,0.6666666666666666
CR0249,instagram,303822,mid,12,18186,0.75
CR0250,youtube,2164,nano,30,300,0.0
CR0251,instagram,8759,nano,45,2928,0.14285714285714285
CR0252,instagram,531796,mid,15,89360,0.8333333333333334
CR0253,instagram,2484,nano,18,350,0.0
CR0254,youtube,3645,nano,17,442,0.0
CR0255,instagram,169721,mid,43,58647,0.75
CR0256,instagram,6008,nano,44,2452,0.3333333333333333
CR0257,youtube,22963,micro,68,2397,0.0
CR0258,youtube,70445,micro,29,2272,0.2727272727272727
CR0259,instagram,275321,mid,46,72377,1.0
CR0260,instagram,35934,micro,19,5560,0.75
CR0261,youtube,644231,mid,52,161115,0.5882352941176471
CR0262,instagram,18285,micro,21,4968,0.0
CR0263,youtube,14656,micro,27,1049,0.0
CR0264,youtube,446841,mid,30,86290,0.6153846153846154
CR0265,instagram,136033,mid,23,10715,0.5714285714285714
CR0266,instagram,1530896,macro,29,178022,0.9444444444444444
CR0267,instagram,229618,mid,58,13479,0.6666666666666666
CR0268,youtube,1064170,macro,22,280997,0.9056603773584906
CR0269,instagram,53756,micro,25,6068,0.125
CR0270,youtube,69601,micro,42,8445,0.42105263157894735
CR0271,youtube,79942,micro,61,16210,0.7272727272727273
CR0272,instagram,15707,micro,36,4626,0.16666666666666666
CR0273,instagram,583431,mid,34,104593,0.8571428571428571
CR0274,instagram,241908,mid,21,59235,1.0
CR0275,youtube,4881,nano,61,1991,0.1
CR0276,instagram,164908,mid,20,55597,0.3333333333333333
CR0277,youtube,132563,mid,56,43287,0.4
CR0278,youtube,318656,mid,25,41126,0.4
CR0279,instagram,2328,nano,30,405,0.0
CR0280,instagram,743652,mid,29,276387,1.0
CR0281,youtube,6509,nano,120,841,0.0
CR0282,instagram,42073,micro,37,25638,0.3333333333333333
CR0283,youtube,186661,mid,35,24749,0.3333333333333333
CR0284,instagram,56628,micro,22,8609,0.16666666666666666
CR0285,instagram,2252,nano,23,300,0.0
CR0286,youtube,70117,micro,24,13013,0.23076923076923078
CR0287,instagram,176126,mid,41,14759,0.5714285714285714
CR0288,youtube,171576,mid,25,17488,0.16666666666666666
CR0289,instagram,53385,micro,38,24755,0.3
CR0290,instagram,7726,nano,31,400,0.0
CR0291,instagram,4276563,macro,15,486149,1.0
CR0292,instagram,1872,nano,34,622,0.0
CR0293,youtube,357840,mid,32,67357,0.8
CR0294,instagram,49759,micro,29,11108,0.0
CR0295,youtube,177326,mid,16,53535,0.6
CR0296,instagram,68759,micro,54,11447,0.2857142857142857
CR0297,instagram,77540,micro,46,8432,0.4
CR0298,youtube,39512,micro,21,4962,0.5384615384615384
CR0299,instagram,11814,micro,52,1336,0.2
CR0300,instagram,53254,micro,84,8340,0.0
CR0301,instagram,80779,micro,74,9582,0.2
CR0302,instagram,3885,nano,64,300,0.0
CR0303,instagram,2065092,macro,32,658328,0.9545454545454546
CR0304,instagram,56507,micro,30,4345,0.3333333333333333
CR0305,instagram,144446,mid,26,31253,0.6
CR0306,youtube,166006,mid,56,35810,0.5
CR0307,instagram,1433941,macro,25,285495,0.9375
CR0308,youtube,4922374,macro,50,946989,1.0
CR0309,instagram,3979,nano,78,694,0.0
CR0310,instagram,4298742,macro,41,1054769,1.0
CR0311,youtube,31206,micro,20,5434,0.14285714285714285
CR0312,instagram,13316,micro,10,1706,0.125
CR0313,instagram,337778,mid,37,70744,0.8
CR0314,instagram,1691,nano,58,300,0.0
CR0315,instagram,4595,nano,58,651,0.2
CR0316,instagram,102450,mid,37,23114,0.6666666666666666
CR0317,youtube,5071,nano,12,421,0.0
CR0318,instagram,29282,micro,72,4358,0.2
CR0319,instagram,104134,mid,36,9854,0.2857142857142857
CR0320,instagram,477683,mid,10,89213,1.0
CR0321,instagram,2266,nano,18,300,0.0
CR0322,youtube,155644,mid,17,33227,0.7142857142857143
CR0323,youtube,6134,nano,43,1123,0.0
CR0324,instagram,7199,nano,58,516,0.2
CR0325,youtube,5876,nano,61,1108,0.0
CR0326,instagram,20195,micro,49,1842,0.2
CR0327,instagram,3531,nano,80,819,0.0
CR0328,youtube,68037,micro,34,6600,0.46153846153846156
CR0329,instagram,92324,micro,20,6391,0.8
CR0330,instagram,3606,nano,23,740,0.25
CR0331,instagram,66674,micro,23,9863,0.75
CR0332,youtube,293006,mid,43,42785,0.4166666666666667
CR0333,instagram,13698,micro,27,2996,0.4444444444444444
CR0334,instagram,4662,nano,37,713,0.0
CR0335,instagram,3483,nano,28,519,0.0
CR0336,instagram,10503,micro,15,1443,0.0
CR0337,youtube,793016,mid,41,240664,0.8461538461538461
CR0338,instagram,401254,mid,22,159884,0.8333333333333334
CR0339,instagram,13914,micro,17,2433,0.0
CR0340,instagram,203741,mid,32,50463,0.3333333333333333
CR0341,instagram,179327,mid,43,23726,0.8333333333333334
CR0342,youtube,89022,micro,14,16314,0.5
CR0343,youtube,7275,nano,25,1141,0.15384615384615385
CR0344,youtube,10724,micro,57,2808,0.1111111111111111
CR0345,youtube,18096,micro,21,6224,0.3333333333333333
CR0346,youtube,68175,micro,17,19733,0.6470588235294118
CR0347,youtube,3737,nano,34,3780,0.0
CR0348,youtube,783495,mid,14,54047,0.6363636363636364
CR0349,instagram,14428,micro,56,2610,0.1111111111111111
CR0350,instagram,8312,nano,11,1190,0.0
CR0351,instagram,1593,nano,34,300,0.0
CR0352,instagram,20922,micro,36,5232,0.2222222222222222
CR0353,instagram,4456685,macro,42,626760,1.0
CR0354,youtube,639205,mid,50,174859,0.8181818181818182
CR0355,youtube,81010,micro,12,14691,0.2857142857142857
CR0356,instagram,10799,micro,18,1388,0.3333333333333333
CR0357,instagram,2496,nano,36,651,0.0
CR0358,youtube,26039,micro,50,5038,0.45454545454545453
CR0359,instagram,30996,micro,36,4229,0.0
CR0360,instagram,35742,micro,119,12216,0.6
CR0361,instagram,838143,mid,52,95074,0.6666666666666666
CR0362,instagram,360937,mid,41,53965,1.0
CR0363,instagram,113803,mid,35,21821,0.42857142857142855
CR0364,youtube,5099,nano,46,410,0.0
CR0365,instagram,37544,micro,19,6255,0.6
CR0366,youtube,2081025,macro,65,816720,0.9795918367346939
CR0367,instagram,8342,nano,18,859,0.0
CR0368,youtube,15339,micro,43,3209,0.17647058823529413
CR0369,instagram,5013,nano,19,2245,0.25
CR0370,instagram,685758,mid,44,95454,1.0
CR0371,instagram,11462,micro,11,1434,0.0
CR0372,instagram,4771,nano,30,548,0.0
CR0373,youtube,37534,micro,42,8923,0.47058823529411764
CR0374,instagram,3311,nano,88,1250,0.0
CR0375,youtube,13296,micro,14,2299,0.16666666666666666
CR0376,youtube,39700,micro,37,5165,0.35294117647058826
CR0377,instagram,16272,micro,18,7614,0.5
CR0378,youtube,48764,micro,31,3863,0.13333333333333333
CR0379,instagram,2572,nano,55,513,0.0
CR0380,instagram,10930,micro,62,771,0.0
CR0381,instagram,527093,mid,17,41995,1.0
CR0382,youtube,26396,micro,21,9193,0.3333333333333333
CR0383,instagram,15020,micro,29,4624,0.2
CR0384,instagram,79207,micro,54,10224,0.3333333333333333
CR0385,instagram,9258,nano,11,2396,0.25
CR0386,instagram,23353,micro,40,7245,0.375
CR0387,instagram,225247,mid,62,28795,1.0
CR0388,youtube,188312,mid,21,80115,0.6923076923076923
CR0389,instagram,1567,nano,26,300,0.0
CR0390,youtube,59952,micro,38,22651,0.6666666666666666
CR0391,instagram,112042,mid,40,34791,0.8333333333333334
CR0392,instagram,3248,nano,66,1210,0.2
CR0393,youtube,17589,micro,74,1614,0.0625
CR0394,instagram,5398,nano,32,342,0.0
CR0395,youtube,6125,nano,52,4593,0.25
CR0396,instagram,54857,micro,19,4154,0.5
CR0397,instagram,2128,nano,46,949,0.0
CR0398,instagram,710724,mid,39,30484,0.8
CR0399,instagram,81504,micro,43,17002,0.5714285714285714
CR0400,instagram,12732,micro,51,2945,0.125
CR0401,youtube,2161,nano,8,762,0.0
CR0402,youtube,5378,nano,51,946,0.0
CR0403,instagram,20667,micro,47,3659,0.14285714285714285
CR0404,instagram,54862,micro,39,6440,0.0
CR0405,instagram,36210,micro,45,5073,0.3333333333333333
CR0406,instagram,50602,micro,45,7404,0.5555555555555556
CR0407,youtube,12558,micro,24,2152,0.06666666666666667
CR0408,youtube,4475,nano,69,300,0.07692307692307693
CR0409,youtube,21431,micro,28,1710,0.6
CR0410,instagram,11201,micro,24,3489,0.125
CR0411,youtube,16967,micro,35,2719,0.14285714285714285
CR0412,instagram,583411,mid,30,81851,0.75
CR0413,youtube,314955,mid,120,54667,0.6666666666666666
CR0414,instagram,5291,nano,26,1844,0.0
CR0415,instagram,783763,mid,23,125665,1.0
CR0416,instagram,1793,nano,17,300,0.0
CR0417,instagram,16230,micro,33,4480,0.0
CR0418,youtube,139342,mid,33,36949,0.5454545454545454
CR0419,youtube,42167,micro,20,8939,0.23076923076923078
CR0420,instagram,229096,mid,52,37704,0.5
CR0421,youtube,17549,micro,22,3443,0.23529411764705882
CR0422,instagram,19382,micro,9,14278,0.42857142857142855
CR0423,instagram,47570,micro,43,11817,0.6363636363636364
CR0424,instagram,46046,micro,27,17366,0.25
CR0425,instagram,1803,nano,23,506,0.0
CR0426,youtube,615097,mid,88,63295,0.875
CR0427,instagram,8289,nano,48,611,0.14285714285714285
CR0428,instagram,3412,nano,44,726,0.0
CR0429,youtube,711644,mid,13,191872,0.8181818181818182
CR0430,instagram,83465,micro,51,21662,0.3333333333333333
CR0431,instagram,107185,mid,43,42543,0.5
CR0432,youtube,73602,micro,26,4396,0.6666666666666666
CR0433,youtube,15598,micro,33,9470,0.4166666666666667
CR0434,instagram,1444109,macro,42,261782,0.9473684210526315
CR0435,instagram,19148,micro,36,10903,0.2857142857142857
CR0436,instagram,32312,micro,70,2764,0.16666666666666666
CR0437,youtube,5630,nano,57,1142,0.23076923076923078
CR0438,youtube,496631,mid,108,133154,1.0
CR0439,youtube,62486,micro,38,4215,0.29411764705882354
CR0440,instagram,12693,micro,37,3506,0.0
CR0441,instagram,3716,nano,15,419,0.0
CR0442,instagram,39865,micro,22,4782,0.4
CR0443,instagram,28948,micro,22,8194,0.45454545454545453
CR0444,youtube,140109,mid,74,19068,0.3333333333333333
CR0445,instagram,17759,micro,33,2122,0.0
CR0446,instagram,4087845,macro,29,1645231,1.0
CR0447,youtube,454189,mid,19,98281,0.8181818181818182
CR0448,instagram,74576,micro,120,19870,1.0
CR0449,instagram,2378,nano,32,812,0.16666666666666666
CR0450,youtube,1019732,macro,19,117956,0.7906976744186046
CR0451,instagram,14594,micro,26,1262,0.25
CR0452,instagram,100596,mid,25,19261,0.4
CR0453,instagram,15048,micro,12,6296,0.18181818181818182
CR0454,youtube,146882,mid,14,38040,0.5
CR0455,youtube,3754,nano,16,1100,0.07142857142857142
CR0456,youtube,7641,nano,43,2246,0.0
CR0457,instagram,43475,micro,52,8294,0.0
CR0458,youtube,266005,mid,39,53618,0.5714285714285714
CR0459,instagram,702775,mid,30,159984,1.0
CR0460,instagram,17945,micro,36,5483,0.2
CR0461,instagram,16285,micro,20,2411,0.125
CR0462,youtube,65651,micro,85,4317,0.6428571428571429
CR0463,youtube,41001,micro,120,4140,0.2727272727272727
CR0464,instagram,11479,micro,58,1817,0.0
CR0465,youtube,149760,mid,18,20918,0.36363636363636365
CR0466,instagram,1580,nano,17,300,0.0
CR0467,youtube,188208,mid,13,66699,0.7368421052631579
CR0468,youtube,277923,mid,86,29792,0.42857142857142855
CR0469,instagram,28345,micro,30,9553,0.5555555555555556
CR0470,instagram,2978,nano,18,537,0.125
CR0471,instagram,2207,nano,34,776,0.0
CR0472,instagram,23537,micro,31,2779,0.25
CR0473,instagram,427197,mid,28,158318,1.0
CR0474,instagram,12645,micro,19,3190,0.25
CR0475,instagram,108284,mid,15,15861,0.8571428571428571
CR0476,instagram,2489,nano,24,300,0.0
CR0477,instagram,4137,nano,39,1448,0.16666666666666666
CR0478,youtube,126868,mid,95,21747,0.47058823529411764
CR0479,instagram,92197,micro,19,18222,1.0
CR0480,youtube,23735,micro,34,5850,0.375
CR0481,instagram,88378,micro,18,27568,1.0
CR0482,instagram,4014,nano,72,1511,0.0
CR0483,instagram,107868,mid,35,28867,0.6
CR0484,instagram,11446,micro,120,1567,0.0
CR0485,youtube,38111,micro,45,16572,0.2857142857142857
CR0486,instagram,20626,micro,9,1052,0.0
CR0487,instagram,6750,nano,54,1058,0.0
CR0488,youtube,820109,mid,35,169096,0.9166666666666666
CR0489,instagram,312019,mid,22,49765,0.6666666666666666
CR0490,instagram,1176059,macro,51,318131,0.95
CR0491,instagram,36396,micro,33,7583,1.0
CR0492,youtube,303797,mid,93,44284,0.7692307692307693
CR0493,instagram,385059,mid,90,190464,0.8
CR0494,instagram,1677,nano,23,300,0.0
CR0495,instagram,197414,mid,27,54562,0.5714285714285714
CR0496,instagram,9142,nano,7,4141,0.14285714285714285
CR0497,instagram,120396,mid,66,13272,0.75
CR0498,youtube,190340,mid,41,36090,0.7
CR0499,instagram,84533,micro,27,13702,0.25
CR0500,instagram,283493,mid,36,44016,0.3333333333333333
CR0501,instagram,375709,mid,33,76752,1.0
CR0502,instagram,9246,nano,58,3204,0.0
CR0503,instagram,23510,micro,21,3576,0.16666666666666666
CR0504,instagram,79104,micro,29,32768,0.8
CR0505,instagram,385907,mid,37,64434,0.6
CR0506,instagram,27043,micro,25,8797,0.8333333333333334
CR0507,instagram,15062,micro,65,9505,0.8
CR0508,instagram,490287,mid,11,43493,0.5
CR0509,instagram,18253,micro,26,12584,0.0
CR0510,instagram,200356,mid,40,21889,0.5
CR0511,instagram,748413,mid,41,35685,0.5714285714285714
CR0512,instagram,3082,nano,20,776,0.0
CR0513,instagram,408900,mid,60,52599,1.0
CR0514,instagram,194081,mid,66,23135,0.8
CR0515,instagram,14319,micro,43,2339,0.0
CR0516,instagram,21080,micro,20,10202,0.375
CR0517,youtube,5349,nano,22,512,0.0
CR0518,instagram,5680,nano,28,3354,0.16666666666666666
CR0519,instagram,19796,micro,53,10703,0.25
CR0520,instagram,52324,micro,32,22330,0.4444444444444444
CR0521,instagram,22180,micro,37,4819,0.42857142857142855
CR0522,youtube,8135,nano,36,1149,0.25
CR0523,instagram,374380,mid,90,79803,0.625
CR0524,youtube,92175,micro,18,31988,0.5714285714285714
CR0525,instagram,7432,nano,50,1933,0.14285714285714285
CR0526,instagram,3716,nano,80,545,0.0
CR0527,instagram,137006,mid,21,24282,1.0
CR0528,instagram,42997,micro,37,11316,0.5
CR0529,instagram,532921,mid,47,80940,0.75
CR0530,instagram,10081,micro,66,1129,0.0
CR0531,youtube,59297,micro,21,20739,0.7142857142857143
CR0532,youtube,2517,nano,31,460,0.0
CR0533,instagram,13674,micro,30,1812,0.25
CR0534,instagram,26888,micro,22,11864,0.6
CR0535,instagram,8728,nano,39,2630,0.0
CR0536,instagram,79192,micro,48,5891,0.625
CR0537,instagram,690531,mid,36,75585,0.8571428571428571
CR0538,instagram,10876,micro,45,685,0.0
CR0539,instagram,1736,nano,15,300,0.0
CR0540,instagram,2125,nano,59,300,0.0
CR0541,youtube,42400,micro,62,9332,0.5294117647058824
CR0542,instagram,20730,micro,39,3764,0.16666666666666666
CR0543,instagram,2132,nano,18,379,0.0
CR0544,instagram,22125,micro,57,4158,0.125
CR0545,instagram,3377745,macro,23,141025,0.9545454545454546
CR0546,instagram,17792,micro,75,2104,0.0
CR0547,instagram,8400,nano,49,1607,0.16666666666666666
CR0548,instagram,5851,nano,38,1095,0.0
CR0549,youtube,49194,micro,36,3500,0.2222222222222222
CR0550,instagram,304297,mid,39,49600,0.6
CR0551,youtube,2951,nano,18,327,0.0
CR0552,instagram,21506,micro,32,3838,0.3333333333333333
CR0553,instagram,59952,micro,26,14053,0.6666666666666666
CR0554,instagram,1611,nano,26,300,0.2
CR0555,instagram,46008,micro,57,12053,0.3333333333333333
CR0556,instagram,20309,micro,38,1972,0.3333333333333333
CR0557,instagram,74613,micro,32,14227,0.0
CR0558,youtube,10230,micro,56,5739,0.2
CR0559,youtube,758897,mid,25,225436,0.8333333333333334
CR0560,youtube,262525,mid,53,47066,0.7692307692307693
CR0561,instagram,5883,nano,27,2309,0.0
CR0562,youtube,11676,micro,34,3374,0.06666666666666667
CR0563,instagram,310665,mid,26,55452,0.75
CR0564,instagram,3853,nano,13,786,0.14285714285714285
CR0565,instagram,113417,mid,29,55119,1.0
CR0566,youtube,14149,micro,41,2069,0.06666666666666667
CR0567,instagram,344182,mid,66,16094,0.8
CR0568,instagram,20963,micro,37,3918,0.4
CR0569,instagram,1616,nano,39,300,0.0
CR0570,instagram,205630,mid,32,10620,0.3333333333333333
CR0571,youtube,9341,nano,37,979,0.0
CR0572,instagram,269465,mid,32,36393,0.8571428571428571
CR0573,youtube,390263,mid,21,35685,0.75
CR0574,instagram,34675,micro,11,5222,0.3
CR0575,youtube,775281,mid,14,138522,1.0
CR0576,instagram,48349,micro,14,20506,0.75
CR0577,youtube,7282,nano,18,644,0.0
CR0578,instagram,236648,mid,33,64853,0.8333333333333334
CR0579,youtube,50370,micro,40,22182,0.07142857142857142
CR0580,youtube,8808,nano,27,1040,0.0625
CR0581,youtube,381542,mid,28,62568,0.7692307692307693
CR0582,instagram,127244,mid,60,23993,0.8333333333333334
CR0583,instagram,7039,nano,13,1442,0.3333333333333333
CR0584,instagram,5512,nano,37,2519,0.125
CR0585,instagram,73959,micro,16,18689,0.6
CR0586,youtube,29470,micro,72,21455,0.8
CR0587,youtube,21695,micro,16,5697,0.4117647058823529
CR0588,instagram,392824,mid,25,108415,0.75
CR0589,instagram,9043,nano,49,3968,0.0
CR0590,instagram,55587,micro,28,5298,0.0
CR0591,instagram,63363,micro,29,17632,0.42857142857142855
CR0592,youtube,241723,mid,36,95730,0.5454545454545454
CR0593,instagram,57809,micro,43,15770,0.5
CR0594,instagram,1628,nano,42,517,0.0
CR0595,instagram,3783,nano,27,630,0.0
CR0596,instagram,2165,nano,14,840,0.0
CR0597,instagram,375824,mid,42,113466,0.6
CR0598,youtube,2720367,macro,36,635772,0.9814814814814815
CR0599,instagram,73357,micro,80,13658,0.5
CR0600,instagram,2621706,macro,58,419299,1.0
CR0601,instagram,6622,nano,45,984,0.0
CR0602,instagram,1650,nano,70,300,0.0
CR0603,instagram,192187,mid,49,27443,0.5
CR0604,instagram,2009,nano,39,300,0.0
CR0605,instagram,445000,mid,34,64409,1.0
CR0606,instagram,36559,micro,21,8986,0.3333333333333333
CR0607,instagram,688850,mid,26,465286,1.0
CR0608,instagram,145605,mid,56,9490,0.5
CR0609,instagram,85324,micro,13,27586,0.8333333333333334
CR0610,instagram,4083,nano,24,968,0.0
CR0611,instagram,3317,nano,63,300,0.16666666666666666
CR0612,instagram,1989,nano,20,375,0.2
CR0613,youtube,529262,mid,65,209752,0.9230769230769231
CR0614,instagram,582255,mid,30,122827,0.8
CR0615,youtube,258001,mid,14,85866,0.8461538461538461
CR0616,instagram,54961,micro,72,6838,0.0
CR0617,youtube,9070,nano,52,3167,0.16666666666666666
CR0618,instagram,2126,nano,20,393,0.0
CR0619,instagram,7562,nano,30,1307,0.0
CR0620,instagram,54271,micro,43,2946,0.2857142857142857
CR0621,instagram,143722,mid,18,6727,0.2
CR0622,instagram,6447,nano,35,899,0.25
CR0623,youtube,826562,mid,120,95440,0.7142857142857143
CR0624,instagram,11926,micro,67,868,0.2
CR0625,youtube,164376,mid,32,17227,0.6
CR0626,instagram,48149,micro,30,8147,0.14285714285714285
CR0627,instagram,43505,micro,30,8706,0.2222222222222222
CR0628,instagram,2196,nano,42,402,0.0
CR0629,instagram,41262,micro,31,14740,0.5
CR0630,instagram,11487,micro,22,2985,0.3333333333333333
CR0631,instagram,66406,micro,25,10702,0.4
CR0632,youtube,331166,mid,12,24368,0.6
CR0633,instagram,40465,micro,22,2992,0.3333333333333333
CR0634,youtube,10940,micro,29,1429,0.0
CR0635,youtube,39317,micro,12,3779,0.25
CR0636,instagram,25975,micro,63,6842,0.2857142857142857
CR0637,instagram,6619,nano,15,2375,0.0
CR0638,instagram,5223,nano,42,933,0.3333333333333333
CR0639,instagram,4711,nano,69,424,0.16666666666666666
CR0640,youtube,9483,nano,25,1535,0.1
CR0641,instagram,50291,micro,30,10865,0.125
CR0642,instagram,3923730,macro,21,949977,1.0
CR0643,instagram,32472,micro,36,2605,0.6666666666666666
CR0644,youtube,2139,nano,28,371,0.0
CR0645,instagram,45040,micro,78,5967,0.14285714285714285
CR0646,instagram,29104,micro,27,8129,0.5
CR0647,instagram,34096,micro,19,7448,0.25
CR0648,instagram,79869,micro,45,20392,0.75
CR0649,instagram,8045,nano,38,728,0.16666666666666666
CR0650,instagram,18100,micro,53,1286,0.0
CR0651,instagram,2113,nano,34,300,0.25
CR0652,instagram,1774,nano,16,300,0.0
CR0653,youtube,481065,mid,41,74690,0.9285714285714286
CR0654,youtube,3115,nano,25,699,0.058823529411764705
CR0655,instagram,12255,micro,16,1550,0.16666666666666666
CR0656,instagram,3930,nano,21,1396,0.4
CR0657,instagram,3729,nano,16,509,0.16666666666666666
CR0658,instagram,2980,nano,15,476,0.0
CR0659,instagram,4838671,macro,14,1313745,1.0
CR0660,instagram,1788,nano,18,397,0.4
CR0661,instagram,68059,micro,9,24829,0.875
CR0662,instagram,2021,nano,39,313,0.0
CR0663,instagram,4257,nano,51,992,0.0
CR0664,youtube,162761,mid,40,13668,0.36363636363636365
CR0665,youtube,418919,mid,34,140056,0.8
CR0666,instagram,42277,micro,65,4649,0.25
CR0667,instagram,63570,micro,22,5279,0.25
CR0668,youtube,17947,micro,21,2799,0.4
CR0669,youtube,34274,micro,44,8116,0.1875
CR0670,youtube,1888746,macro,23,160075,0.896551724137931
CR0671,youtube,13065,micro,22,2840,0.16666666666666666
CR0672,instagram,3097,nano,39,707,0.0
CR0673,instagram,43126,micro,17,3212,0.0
CR0674,youtube,5763,nano,28,834,0.0
CR0675,youtube,11792,micro,23,2585,0.0
CR0676,instagram,2248,nano,72,643,0.0
CR0677,instagram,191222,mid,40,28219,1.0
CR0678,instagram,5582,nano,75,2088,0.0
CR0679,instagram,543926,mid,15,107115,0.7142857142857143
CR0680,youtube,201110,mid,30,18778,0.6923076923076923
CR0681,instagram,94255,micro,22,18542,0.5
CR0682,instagram,498521,mid,34,65249,0.5714285714285714
CR0683,youtube,3796,nano,30,300,0.0
CR0684,instagram,10782,micro,41,2963,0.0
CR0685,instagram,26631,micro,45,8163,0.0
CR0686,instagram,8011,nano,36,1610,0.2
CR0687,instagram,69318,micro,29,11625,0.25
CR0688,youtube,33460,micro,7,5968,0.5
CR0689,youtube,59084,micro,34,14423,0.4375
CR0690,instagram,492653,mid,25,60902,0.6
CR0691,instagram,125709,mid,44,16414,0.16666666666666666
CR0692,instagram,336576,mid,45,100592,0.625
CR0693,youtube,146891,mid,8,45594,0.8181818181818182
CR0694,instagram,53648,micro,23,12558,0.16666666666666666
CR0695,instagram,5453,nano,22,1293,0.0
CR0696,youtube,5252,nano,49,796,0.1875
CR0697,youtube,2781,nano,57,405,0.0
CR0698,instagram,4191,nano,70,457,0.0
CR0699,youtube,115901,mid,29,21937,0.5333333333333333
CR0700,instagram,58286,micro,99,7859,0.7777777777777778
CR0701,youtube,7262,nano,20,2163,0.07692307692307693
CR0702,instagram,2117,nano,42,798,0.0
CR0703,youtube,86076,micro,39,10356,0.5
CR0704,youtube,451319,mid,46,98322,0.5714285714285714
CR0705,youtube,896557,mid,25,82479,0.8461538461538461
CR0706,youtube,3166,nano,34,300,0.0
CR0707,instagram,39976,micro,27,8460,0.4
CR0708,instagram,9400,nano,19,3585,0.0
CR0709,instagram,61879,micro,39,5931,0.4
CR0710,instagram,28925,micro,28,16599,1.0
CR0711,instagram,4166,nano,39,984,0.125
CR0712,youtube,176505,mid,43,56477,0.38461538461538464
CR0713,instagram,239216,mid,17,101842,1.0
CR0714,youtube,4147,nano,54,2087,0.06666666666666667
CR0715,youtube,8499,nano,46,2000,0.0
CR0716,instagram,1570,nano,20,365,0.0
CR0717,instagram,805716,mid,43,155899,1.0
CR0718,youtube,1701,nano,12,300,0.0
CR0719,instagram,1657285,macro,27,254888,0.8695652173913043
CR0720,instagram,90574,micro,25,20175,0.16666666666666666
CR0721,instagram,18953,micro,18,4876,0.7142857142857143
CR0722,instagram,5703,nano,29,1001,0.14285714285714285
CR0723,youtube,16598,micro,25,1627,0.29411764705882354
CR0724,youtube,5667,nano,41,572,0.0
CR0725,youtube,22456,micro,42,5177,0.2
CR0726,instagram,577421,mid,60,180650,1.0
CR0727,instagram,79203,micro,104,14313,0.7142857142857143
CR0728,youtube,5906,nano,40,1224,0.0625
CR0729,instagram,1506,nano,19,350,0.0
CR0730,instagram,4475,nano,19,426,0.0
CR0731,instagram,2649,nano,90,736,0.0
CR0732,instagram,64606,micro,35,22231,0.6666666666666666
CR0733,instagram,72170,micro,31,4720,0.3333333333333333
CR0734,youtube,34862,micro,41,4809,0.125
CR0735,instagram,32826,micro,18,3975,0.0
CR0736,youtube,252145,mid,40,32326,0.6666666666666666
CR0737,instagram,2036,nano,42,300,0.0
CR0738,instagram,4959,nano,17,586,0.2222222222222222
CR0739,instagram,6922,nano,25,300,0.2
CR0740,instagram,7397,nano,49,1856,0.14285714285714285
CR0741,instagram,32600,micro,36,3556,0.3333333333333333
CR0742,youtube,29393,micro,34,2208,0.14285714285714285
CR0743,instagram,40207,micro,22,4375,0.2
CR0744,instagram,6058,nano,32,1389,0.0
CR0745,instagram,1852,nano,30,443,0.0
CR0746,youtube,1754,nano,62,419,0.0
CR0747,instagram,51057,micro,36,4490,0.3333333333333333
CR0748,instagram,43591,micro,44,4342,0.14285714285714285
CR0749,instagram,136445,mid,51,74268,0.75
CR0750,instagram,22263,micro,18,1722,0.2
CR0751,instagram,11719,micro,33,2500,0.0
CR0752,youtube,542660,mid,120,70360,0.9230769230769231
CR0753,instagram,2488,nano,32,395,0.0
CR0754,youtube,4168,nano,27,1390,0.0
CR0755,instagram,67571,micro,53,9718,0.5
CR0756,youtube,5242,nano,41,824,0.14285714285714285
CR0757,youtube,303819,mid,23,71425,0.6666666666666666
CR0758,youtube,51708,micro,20,9480,0.3125
CR0759,youtube,2765,nano,10,303,0.0
CR0760,instagram,48342,micro,51,8057,0.16666666666666666
CR0761,instagram,4017973,macro,46,610905,1.0
CR0762,instagram,13583,micro,55,2830,0.2
CR0763,instagram,406790,mid,51,30001,1.0
CR0764,instagram,15516,micro,17,2741,0.25
CR0765,youtube,4965,nano,38,1302,0.0
CR0766,instagram,2172,nano,39,459,0.2
CR0767,instagram,4384614,macro,19,1333531,0.9375
CR0768,youtube,131966,mid,21,14928,0.09090909090909091
CR0769,instagram,14197,micro,80,2311,0.0
CR0770,youtube,25085,micro,27,3464,0.08333333333333333
CR0771,instagram,2641,nano,35,484,0.0
CR0772,youtube,1915,nano,81,537,0.0
CR0773,youtube,1750455,macro,40,431862,0.9811320754716981
CR0774,instagram,17342,micro,51,3667,0.2
CR0775,youtube,29365,micro,75,5831,0.1875
CR0776,instagram,23188,micro,37,5710,0.16666666666666666
CR0777,instagram,2843,nano,27,826,0.0
CR0778,instagram,15469,micro,32,7977,0.2
CR0779,instagram,33960,micro,17,4081,0.5
CR0780,instagram,176774,mid,24,56061,0.75
CR0781,youtube,17037,micro,18,7160,0.06666666666666667
CR0782,youtube,4873,nano,24,2768,0.07692307692307693
CR0783,youtube,1604,nano,20,300,0.0
CR0784,youtube,3988,nano,25,300,0.0
CR0785,instagram,92768,micro,32,19659,0.5
CR0786,instagram,304866,mid,19,44293,0.6
CR0787,instagram,5556,nano,20,900,0.3333333333333333
CR0788,instagram,1722,nano,45,300,0.0
CR0789,youtube,94498,micro,91,42832,0.6470588235294118
CR0790,instagram,54062,micro,35,7657,0.6666666666666666
CR0791,instagram,8748,nano,18,2608,0.0
CR0792,instagram,528831,mid,22,56793,0.5714285714285714
CR0793,instagram,496928,mid,38,63607,0.8571428571428571
CR0794,instagram,46323,micro,31,9368,0.2
CR0795,youtube,3779,nano,38,737,0.0
CR0796,instagram,48792,micro,44,8813,0.6
CR0797,youtube,736852,mid,81,135894,0.8666666666666667
CR0798,instagram,64288,micro,20,13838,0.5
CR0799,instagram,254410,mid,18,83622,0.8333333333333334
CR0800,instagram,5033,nano,9,748,0.0
CR0801,instagram,131701,mid,32,26412,0.0
CR0802,instagram,2509,nano,38,418,0.0
CR0803,instagram,12962,micro,38,712,0.0
CR0804,instagram,17341,micro,52,4676,0.25
CR0805,instagram,5266,nano,80,3670,0.0
CR0806,instagram,21513,micro,79,4283,0.0
CR0807,instagram,94939,micro,29,29484,0.8333333333333334
CR0808,youtube,29525,micro,27,3133,0.0
CR0809,youtube,19145,micro,16,4002,0.2
CR0810,instagram,130653,mid,49,13481,0.5
CR0811,youtube,83216,micro,42,12548,0.21428571428571427
CR0812,youtube,245052,mid,56,56853,0.5384615384615384
CR0813,instagram,16266,micro,31,4727,0.3333333333333333
CR0814,instagram,58886,micro,9,10342,0.5
CR0815,instagram,400649,mid,22,48365,1.0
CR0816,youtube,2352371,macro,28,421475,1.0
CR0817,youtube,16700,micro,21,759,0.0
CR0818,youtube,7318,nano,41,387,0.0
CR0819,instagram,3681,nano,53,300,0.16666666666666666
CR0820,instagram,10726,micro,29,1474,0.0
CR0821,instagram,359359,mid,23,102067,0.875
CR0822,instagram,739595,mid,43,94890,0.8
CR0823,instagram,41591,micro,34,4579,0.25
CR0824,instagram,469425,mid,25,29472,0.6666666666666666
CR0825,instagram,22147,micro,38,2965,0.42857142857142855
CR0826,instagram,1626,nano,79,300,0.0
CR0827,youtube,16971,micro,20,1952,0.11764705882352941
CR0828,instagram,31279,micro,25,12510,0.6
CR0829,instagram,690060,mid,65,136195,0.7777777777777778
CR0830,youtube,37915,micro,43,5381,0.0
CR0831,instagram,39928,micro,32,11859,0.625
CR0832,instagram,169717,mid,16,39004,0.625
CR0833,youtube,1447171,macro,59,474542,1.0
CR0834,instagram,35165,micro,22,15557,0.5
CR0835,instagram,38834,micro,24,5937,0.5714285714285714
CR0836,instagram,8224,nano,40,3258,0.25
CR0837,instagram,19398,micro,12,3692,0.3333333333333333
CR0838,youtube,3692,nano,20,300,0.0
CR0839,instagram,25551,micro,35,4067,0.25
CR0840,youtube,82504,micro,15,15248,0.4666666666666667
CR0841,instagram,93899,micro,45,10791,1.0
CR0842,instagram,344733,mid,94,84689,1.0
CR0843,youtube,14488,micro,52,3423,0.09090909090909091
CR0844,youtube,54523,micro,59,5840,0.4375
CR0845,instagram,112541,mid,28,13814,0.2857142857142857
CR0846,instagram,34692,micro,41,3337,0.0
CR0847,instagram,1619735,macro,83,221416,0.9523809523809523
CR0848,instagram,1614,nano,53,300,0.0
CR0849,youtube,81044,micro,7,7833,0.5882352941176471
CR0850,instagram,183711,mid,52,19358,0.6666666666666666
CR0851,instagram,1510,nano,21,300,0.16666666666666666
CR0852,instagram,4536279,macro,12,564664,1.0
CR0853,instagram,53660,micro,58,8492,0.16666666666666666
CR0854,instagram,2069,nano,32,406,0.0
CR0855,instagram,43978,micro,51,8265,0.14285714285714285
CR0856,instagram,105103,mid,54,19867,0.625
CR0857,youtube,13172,micro,28,1934,0.23076923076923078
CR0858,instagram,54516,micro,22,11858,0.25
CR0859,youtube,14666,micro,67,2482,0.1111111111111111
CR0860,youtube,3449,nano,43,896,0.0
CR0861,instagram,23267,micro,118,4535,0.25
CR0862,instagram,12490,micro,30,3318,0.16666666666666666
CR0863,youtube,2141,nano,46,455,0.0
CR0864,instagram,49729,micro,45,12854,0.5
CR0865,instagram,13665,micro,15,2522,0.0
CR0866,youtube,31480,micro,70,9091,0.29411764705882354
CR0867,youtube,2415,nano,15,306,0.0
CR0868,instagram,26129,micro,42,6773,0.6666666666666666
CR0869,youtube,224702,mid,35,54671,0.7
CR0870,youtube,86106,micro,31,8626,0.4
CR0871,youtube,355566,mid,43,55492,0.8461538461538461
CR0872,instagram,92085,micro,36,8344,0.6666666666666666
CR0873,instagram,19965,micro,113,1068,0.125
CR0874,instagram,55643,micro,29,5526,0.5
CR0875,instagram,4170,nano,31,300,0.0
CR0876,instagram,94721,micro,46,12155,0.8888888888888888
CR0877,instagram,2845,nano,43,333,0.25
CR0878,instagram,244493,mid,17,114756,0.75
CR0879,youtube,1961,nano,17,313,0.0
CR0880,instagram,56076,micro,15,3681,0.2
CR0881,instagram,460531,mid,22,55264,0.75
CR0882,instagram,7456,nano,11,2461,0.16666666666666666
CR0883,youtube,432211,mid,28,135970,0.6666666666666666
CR0884,instagram,76597,micro,101,9390,0.6666666666666666
CR0885,youtube,412201,mid,29,61711,0.4666666666666667
CR0886,instagram,1990925,macro,35,700105,1.0
CR0887,youtube,1049838,macro,31,326526,0.9807692307692307
CR0888,youtube,160878,mid,43,72309,0.7272727272727273
CR0889,instagram,2327,nano,43,580,0.0
CR0890,instagram,343690,mid,49,30169,1.0
CR0891,instagram,20194,micro,23,4191,0.5
CR0892,youtube,3048,nano,14,376,0.058823529411764705
CR0893,youtube,2278,nano,19,662,0.08333333333333333
CR0894,youtube,5742,nano,39,2514,0.2857142857142857
CR0895,instagram,23780,micro,46,5346,0.16666666666666666
CR0896,instagram,85010,micro,76,17550,0.625
CR0897,instagram,43992,micro,19,12921,0.2222222222222222
CR0898,youtube,8566,nano,50,1424,0.07142857142857142
CR0899,instagram,825237,mid,23,223580,1.0
CR0900,instagram,10132,micro,44,8411,0.0
CR0901,instagram,14937,micro,60,3587,0.0
CR0902,youtube,1824,nano,36,531,0.0
CR0903,instagram,3905,nano,17,314,0.0
CR0904,instagram,5290,nano,57,730,0.0
CR0905,instagram,1042609,macro,32,276850,0.8823529411764706
CR0906,youtube,692204,mid,27,109551,0.6363636363636364
CR0907,instagram,17055,micro,88,5636,0.0
CR0908,instagram,10543,micro,54,1397,0.0
CR0909,instagram,71681,micro,57,18962,1.0
CR0910,instagram,12557,micro,62,2079,0.0
CR0911,instagram,1327544,macro,15,148751,0.85
CR0912,youtube,3313,nano,42,495,0.0
CR0913,youtube,8735,nano,27,1111,0.07142857142857142
CR0914,instagram,66207,micro,13,13279,0.75
CR0915,instagram,8853,nano,24,2739,0.75
CR0916,instagram,89111,micro,28,11315,0.25
CR0917,youtube,2863,nano,49,301,0.0
CR0918,instagram,45230,micro,14,13295,0.4
CR0919,instagram,8390,nano,23,1457,0.125
CR0920,youtube,138439,mid,49,29869,0.7142857142857143
CR0921,youtube,9193,nano,67,614,0.0
CR0922,youtube,20754,micro,22,5919,0.3333333333333333
CR0923,youtube,30103,micro,45,11647,0.4666666666666667
CR0924,instagram,4294,nano,51,472,0.1111111111111111
CR0925,youtube,33098,micro,42,7406,0.4117647058823529
CR0926,youtube,11383,micro,53,920,0.1
CR0927,instagram,187830,mid,51,27819,0.2857142857142857
CR0928,instagram,378339,mid,28,33444,0.7142857142857143
CR0929,youtube,10236,micro,23,2131,0.2
CR0930,instagram,25816,micro,18,2779,0.16666666666666666
CR0931,instagram,18060,micro,36,1801,0.16666666666666666
CR0932,instagram,559860,mid,26,50607,0.8
CR0933,instagram,7660,nano,48,3415,0.16666666666666666
CR0934,youtube,8073,nano,42,1866,0.14285714285714285
CR0935,youtube,3977,nano,32,510,0.0
CR0936,youtube,423739,mid,45,32889,0.36363636363636365
CR0937,instagram,31944,micro,31,8681,0.0
CR0938,instagram,70510,micro,49,21499,0.5
CR0939,youtube,1706,nano,37,300,0.0
CR0940,instagram,4022,nano,42,902,0.0
CR0941,instagram,112527,mid,30,44941,1.0
CR0942,instagram,25428,micro,61,1987,0.0
CR0943,instagram,335198,mid,40,34433,0.7
CR0944,youtube,893609,mid,24,84033,0.7058823529411765
CR0945,instagram,7737,nano,55,983,0.0
CR0946,youtube,192776,mid,38,36008,0.6666666666666666
CR0947,youtube,8699,nano,31,3466,0.0
CR0948,youtube,408357,mid,54,84701,0.6153846153846154
CR0949,instagram,8726,nano,31,3856,0.3333333333333333
CR0950,instagram,522920,mid,47,352480,1.0
CR0951,youtube,1654,nano,56,569,0.0
CR0952,instagram,25356,micro,7,3853,0.5
CR0953,instagram,685122,mid,40,61717,0.5
CR0954,youtube,34415,micro,61,4169,0.07692307692307693
CR0955,youtube,70269,micro,41,4478,0.17647058823529413
CR0956,instagram,276592,mid,11,48886,1.0
CR0957,instagram,395225,mid,28,89951,1.0
CR0958,instagram,39062,micro,23,7822,0.0
CR0959,instagram,64841,micro,27,13688,0.4
CR0960,instagram,50185,micro,24,11595,0.3333333333333333
CR0961,youtube,25171,micro,76,2077,0.125
CR0962,instagram,14285,micro,28,4132,0.3333333333333333
CR0963,instagram,19576,micro,23,9096,0.25
CR0964,instagram,308430,mid,19,112293,0.8
CR0965,youtube,4275,nano,53,976,0.1111111111111111
CR0966,instagram,6392,nano,32,1549,0.0
CR0967,instagram,6824,nano,33,1574,0.125
CR0968,instagram,10714,micro,62,961,0.14285714285714285
CR0969,instagram,481728,mid,27,162665,0.8571428571428571
CR0970,instagram,1996,nano,50,300,0.0
CR0971,youtube,185418,mid,12,54083,0.7692307692307693
CR0972,youtube,10992,micro,61,2242,0.07142857142857142
CR0973,instagram,2578418,macro,39,346980,1.0
CR0974,youtube,7080,nano,27,1208,0.2
CR0975,instagram,6541,nano,64,2103,0.2
CR0976,instagram,13511,micro,35,11622,0.16666666666666666
CR0977,youtube,4495,nano,17,568,0.0
CR0978,instagram,10212,micro,22,4582,0.3333333333333333
CR0979,youtube,602387,mid,19,89806,0.7857142857142857
CR0980,instagram,17529,micro,41,3148,0.0
CR0981,instagram,65675,micro,26,25516,0.8
CR0982,instagram,2442,nano,42,300,0.0
CR0983,instagram,27898,micro,28,5589,0.0
CR0984,instagram,11846,micro,29,1013,0.0
CR0985,youtube,20113,micro,24,16299,0.17647058823529413
CR0986,instagram,60452,micro,11,8156,0.7142857142857143
CR0987,instagram,1427210,macro,28,133419,0.8888888888888888
CR0988,instagram,33668,micro,73,14560,0.5
CR0989,instagram,3013,nano,14,1289,0.125
CR0990,instagram,4311481,macro,68,1033688,1.0
CR0991,instagram,604471,mid,13,91166,0.5
CR0992,youtube,68410,micro,120,36372,0.7142857142857143
CR0993,instagram,4764,nano,23,869,0.0
CR0994,instagram,804190,mid,32,189091,1.0
CR0995,youtube,677996,mid,29,341360,0.9
CR0996,youtube,27914,micro,29,18316,0.38461538461538464
CR0997,instagram,16413,micro,27,4274,0.0
CR0998,instagram,2341742,macro,29,421231,1.0
CR0999,instagram,26437,micro,37,11557,0.25
CR1000,youtube,1921,nano,35,486,0.1
CR1001,youtube,14160,micro,17,5011,0.0
CR1002,instagram,2556,nano,36,661,0.0
CR1003,instagram,6700,nano,17,1089,0.0
CR1004,instagram,152445,mid,14,39655,0.2
CR1005,youtube,294519,mid,20,37166,0.8461538461538461
CR1006,instagram,4678,nano,23,485,0.16666666666666666
CR1007,instagram,42084,micro,14,5280,0.25
CR1008,instagram,257022,mid,94,55648,0.6666666666666666
CR1009,youtube,12104,micro,42,2227,0.125
CR1010,instagram,233889,mid,26,74284,0.3333333333333333
CR1011,instagram,46945,micro,29,3538,0.75
CR1012,youtube,13003,micro,36,2701,0.13333333333333333
CR1013,instagram,17434,micro,19,4970,0.2857142857142857
CR1014,instagram,2003,nano,37,729,0.0
CR1015,youtube,204844,mid,19,12114,0.5833333333333334
CR1016,instagram,18911,micro,50,1901,0.6
CR1017,instagram,8371,nano,59,1647,0.0
CR1018,youtube,419303,mid,15,36918,0.5263157894736842
CR1019,youtube,24180,micro,40,5006,0.21052631578947367
CR1020,instagram,23079,micro,28,4205,0.25
CR1021,instagram,15631,micro,15,9798,0.14285714285714285
CR1022,instagram,66233,micro,52,17292,0.16666666666666666
CR1023,youtube,58973,micro,31,5318,0.15384615384615385
CR1024,instagram,35184,micro,29,6354,0.5714285714285714
CR1025,youtube,10732,micro,34,1488,0.07142857142857142
CR1026,youtube,17464,micro,17,4804,0.2857142857142857
CR1027,instagram,27211,micro,34,4223,0.2857142857142857
CR1028,instagram,3675,nano,21,1185,0.0
CR1029,instagram,63134,micro,50,4614,0.4
CR1030,instagram,65992,micro,27,10101,0.0
CR1031,youtube,144342,mid,57,59730,0.36363636363636365
CR1032,instagram,65264,micro,39,6975,0.4444444444444444
CR1033,instagram,417929,mid,28,342831,0.8
CR1034,youtube,1658,nano,16,300,0.0
CR1035,instagram,108549,mid,55,40679,0.0
CR1036,instagram,1601,nano,67,300,0.0
CR1037,youtube,180359,mid,49,51734,0.6923076923076923
CR1038,youtube,88507,micro,83,6785,0.21428571428571427
CR1039,youtube,882435,mid,24,239980,0.8
CR1040,youtube,8908,nano,17,1959,0.2
CR1041,instagram,67563,micro,18,12762,0.7777777777777778
CR1042,instagram,1278581,macro,80,186693,0.8571428571428571
CR1043,youtube,38632,micro,68,2449,0.0
CR1044,instagram,15141,micro,21,3728,0.0
CR1045,instagram,28776,micro,11,3486,0.16666666666666666
CR1046,youtube,5601,nano,85,643,0.0
CR1047,instagram,42044,micro,44,5765,0.5714285714285714
CR1048,instagram,753712,mid,21,188520,0.8
CR1049,instagram,28942,micro,31,4054,0.125
CR1050,instagram,220082,mid,23,46837,0.4
CR1051,instagram,3104184,macro,32,851942,1.0
CR1052,instagram,28347,micro,33,7648,0.1111111111111111
CR1053,youtube,7576,nano,22,1201,0.0
CR1054,instagram,4763,nano,30,1138,0.2
CR1055,instagram,140733,mid,61,9633,0.5
CR1056,youtube,3950,nano,20,2277,0.15384615384615385
CR1057,instagram,16110,micro,57,2817,0.16666666666666666
CR1058,youtube,14255,micro,17,2164,0.38461538461538464
CR1059,instagram,32814,micro,34,6125,0.5
CR1060,instagram,3109,nano,40,830,0.0
CR1061,instagram,8145,nano,49,4509,0.4
CR1062,youtube,353755,mid,46,36169,0.5833333333333334
CR1063,youtube,1989,nano,34,383,0.0625
CR1064,instagram,18980,micro,17,6295,0.2222222222222222
CR1065,instagram,51012,micro,78,14893,0.375
CR1066,instagram,179641,mid,13,33507,0.42857142857142855
CR1067,youtube,4031597,macro,45,1124089,0.9565217391304348
CR1068,instagram,1631,nano,96,420,0.0
CR1069,youtube,277944,mid,28,54743,0.5
CR1070,instagram,5063,nano,26,3214,0.2857142857142857
CR1071,instagram,142272,mid,12,47655,1.0
CR1072,instagram,37438,micro,33,4216,0.2
CR1073,instagram,109362,mid,63,17362,0.25
CR1074,instagram,138564,mid,21,31954,1.0
CR1075,youtube,418256,mid,49,124909,0.9
CR1076,instagram,2249,nano,33,1398,0.125
CR1077,instagram,2487,nano,80,545,0.25
CR1078,youtube,1882,nano,35,302,0.0
CR1079,youtube,8241,nano,20,1634,0.25
CR1080,instagram,50762,micro,14,28229,0.4
CR1081,instagram,2015,nano,32,300,0.0
CR1082,youtube,3458,nano,49,548,0.14285714285714285
CR1083,youtube,36513,micro,52,3561,0.2
CR1084,instagram,42737,micro,54,3740,0.4
CR1085,instagram,840576,mid,69,65420,0.8
CR1086,youtube,3631,nano,7,620,0.06666666666666667
CR1087,youtube,17721,micro,65,8660,0.4
CR1088,instagram,1782,nano,39,315,0.0
CR1089,instagram,5794,nano,46,2247,0.1111111111111111
CR1090,instagram,5615,nano,80,991,0.0
CR1091,instagram,3208,nano,27,1443,0.1111111111111111
CR1092,youtube,1507,nano,26,300,0.0
CR1093,instagram,15743,micro,34,3617,0.2857142857142857
CR1094,youtube,59540,micro,48,36396,0.6428571428571429
CR1095,instagram,10547,micro,32,592,0.16666666666666666
CR1096,instagram,1713,nano,27,300,0.0
CR1097,instagram,2937149,macro,21,414355,0.9473684210526315
CR1098,youtube,3554832,macro,35,333330,1.0
CR1099,instagram,175147,mid,65,53716,0.75
CR1100,instagram,224229,mid,24,57936,1.0
CR1101,instagram,3352,nano,41,523,0.0
CR1102,instagram,368651,mid,41,22775,0.625
CR1103,instagram,340739,mid,37,132255,0.8571428571428571
CR1104,instagram,272504,mid,28,100258,0.625
CR1105,instagram,16939,micro,17,2884,0.3333333333333333
CR1106,instagram,14557,micro,48,1151,0.0
CR1107,youtube,198216,mid,6,34668,0.35714285714285715
CR1108,instagram,395008,mid,23,41902,0.6
CR1109,instagram,3280,nano,32,440,0.0
CR1110,youtube,61405,micro,63,16428,0.16666666666666666
CR1111,instagram,1024019,macro,75,83698,0.7368421052631579
CR1112,instagram,11462,micro,13,2608,0.3
CR1113,instagram,27881,micro,30,4555,0.0
CR1114,youtube,261986,mid,40,39279,0.6428571428571429
CR1115,instagram,1626,nano,29,352,0.2
CR1116,instagram,65092,micro,47,28206,0.6666666666666666
CR1117,instagram,28466,micro,46,2879,0.0
CR1118,instagram,22233,micro,83,2581,0.16666666666666666
CR1119,youtube,5028,nano,30,1469,0.08333333333333333
CR1120,instagram,227852,mid,31,122290,0.8571428571428571
CR1121,instagram,56948,micro,27,6232,0.2857142857142857
CR1122,youtube,30345,micro,36,5185,0.21428571428571427
CR1123,instagram,1979787,macro,18,394524,0.9166666666666666
CR1124,instagram,3787,nano,13,527,0.0
CR1125,instagram,2884630,macro,70,230914,0.8947368421052632
CR1126,youtube,10342,micro,120,1238,0.0
CR1127,instagram,17853,micro,51,2170,0.1111111111111111
CR1128,youtube,91511,micro,13,19450,0.18181818181818182
CR1129,instagram,38710,micro,87,5529,0.375
CR1130,instagram,1816657,macro,12,161491,0.8823529411764706
CR1131,instagram,2748,nano,42,1979,0.14285714285714285
CR1132,instagram,2731,nano,25,300,0.0
CR1133,instagram,35557,micro,80,10367,0.1
CR1134,instagram,3775,nano,75,483,0.14285714285714285
CR1135,youtube,4999,nano,17,678,0.15384615384615385
CR1136,instagram,18131,micro,61,1545,0.125
CR1137,youtube,2210,nano,29,300,0.0
CR1138,youtube,84404,micro,15,20583,0.5833333333333334
CR1139,youtube,62936,micro,19,35138,0.7647058823529411
CR1140,youtube,376012,mid,30,98024,0.5
CR1141,youtube,43543,micro,27,9389,0.2
CR1142,instagram,31433,micro,43,5471,0.0
CR1143,instagram,89752,micro,26,62649,0.6
CR1144,instagram,49091,micro,32,5811,0.6666666666666666
CR1145,instagram,30413,micro,28,16928,0.6666666666666666
CR1146,instagram,480413,mid,77,61839,0.6666666666666666
CR1147,instagram,4816,nano,18,1115,0.0
CR1148,instagram,77423,micro,26,6058,0.6666666666666666
CR1149,instagram,4254,nano,40,1863,0.0
CR1150,instagram,17507,micro,46,4217,0.1
CR1151,youtube,6400,nano,26,1239,0.21428571428571427
CR1152,instagram,200611,mid,33,22690,1.0
CR1153,instagram,1899,nano,19,300,0.0
CR1154,youtube,502705,mid,8,170107,0.8666666666666667
CR1155,instagram,372623,mid,17,67249,0.3333333333333333
CR1156,youtube,1503,nano,31,300,0.0
CR1157,instagram,170705,mid,46,39668,0.8571428571428571
CR1158,instagram,92200,micro,93,9187,0.3333333333333333
CR1159,instagram,4642,nano,81,716,0.0
CR1160,youtube,2038,nano,34,300,0.0
CR1161,youtube,426547,mid,60,65657,0.7
CR1162,youtube,20822,micro,50,3265,0.045454545454545456
CR1163,youtube,26290,micro,29,4999,0.25
CR1164,instagram,24979,micro,18,4441,0.2857142857142857
CR1165,instagram,61967,micro,55,6320,0.42857142857142855
CR1166,instagram,16300,micro,14,1767,0.2
CR1167,youtube,1204442,macro,50,202388,0.8867924528301887
CR1168,instagram,4821,nano,23,2523,0.0
CR1169,youtube,29454,micro,26,1953,0.08333333333333333
CR1170,instagram,3630,nano,58,587,0.1
CR1171,instagram,4310,nano,37,419,0.0
CR1172,instagram,21377,micro,26,4379,0.375
CR1173,youtube,61456,micro,10,9869,0.4166666666666667
CR1174,youtube,24562,micro,50,7988,0.26666666666666666
CR1175,instagram,1665952,macro,48,1320808,1.0
CR1176,instagram,13414,micro,29,2808,0.1111111111111111
CR1177,youtube,5576,nano,39,1133,0.0
CR1178,youtube,7229,nano,72,5277,0.21428571428571427
CR1179,instagram,35159,micro,44,4729,0.3333333333333333
CR1180,instagram,655614,mid,16,169130,1.0
CR1181,instagram,36141,micro,16,5948,0.3333333333333333
CR1182,instagram,4023,nano,60,661,0.2
CR1183,youtube,22408,micro,20,5131,0.2631578947368421
CR1184,instagram,17909,micro,13,3318,0.6
CR1185,instagram,17979,micro,26,1417,0.0
CR1186,youtube,4169,nano,34,1639,0.06666666666666667
CR1187,instagram,470486,mid,75,95213,0.6666666666666666
CR1188,instagram,24738,micro,83,5062,0.2857142857142857
CR1189,youtube,58822,micro,21,5151,0.42857142857142855
CR1190,instagram,50078,micro,100,15874,0.6
CR1191,instagram,13570,micro,57,4207,0.16666666666666666
CR1192,instagram,9303,nano,12,4943,0.0
CR1193,instagram,58146,micro,22,18699,0.8888888888888888
CR1194,instagram,19205,micro,10,7673,0.2857142857142857
CR1195,instagram,154149,mid,34,46554,0.3333333333333333
CR1196,instagram,382754,mid,39,74165,1.0
CR1197,instagram,111846,mid,31,28362,1.0
CR1198,youtube,11307,micro,13,2745,0.125
CR1199,youtube,752210,mid,32,268173,0.8571428571428571
CR1200,youtube,43865,micro,58,6951,0.5384615384615384
